Name,Title,Location,Experience,Price,Calendarlink
Nosipho Pillay,Physiotherapist,Port Elizabeth,19,970,https://calendly.com/peakmvement/software-review-meeting
Andile Coetzee,Chiropractor,Durban,9,970,https://calendly.com/peakmvement/software-review-meeting
Nandi De Beer,Podiatrist,Cape Town,10,1150,https://calendly.com/peakmvement/software-review-meeting
Thabo Swanepoel,Chiropractor,Durban,8,940,https://calendly.com/peakmvement/software-review-meeting
Nosipho Van der Merwe,Podiatrist,Durban,2,760,https://calendly.com/peakmvement/software-review-meeting
Thabo De Beer,Chiropractor,Pretoria,5,850,https://calendly.com/peakmvement/software-review-meeting
Jabulani Van der Merwe,Sports Therapist,Durban,16,880,https://calendly.com/peakmvement/software-review-meeting
Thuli Dlamini,Chiropractor,Cape Town,4,970,https://calendly.com/peakmvement/software-review-meeting
Nandi Jacobs,BioKineticist,Port Elizabeth,9,670,https://calendly.com/peakmvement/software-review-meeting
Thabo Mokoena,Sports Therapist,Cape Town,18,1090,https://calendly.com/peakmvement/software-review-meeting
Thembi Mahlangu,Massage Therapist,Cape Town,16,1030,https://calendly.com/peakmvement/software-review-meeting
Nosipho Visser,Physiotherapist,Cape Town,5,700,https://calendly.com/peakmvement/software-review-meeting
Jabulani Jacobs,Dietician,Johannesburg,14,970,https://calendly.com/peakmvement/software-review-meeting
Ayanda Pillay,BioKineticist,Johannesburg,7,760,https://calendly.com/peakmvement/software-review-meeting
Thuli Pillay,Chiropractor,Port Elizabeth,2,760,https://calendly.com/peakmvement/software-review-meeting
Jabulani De Beer,General Physician,Cape Town,13,1240,https://calendly.com/peakmvement/software-review-meeting
Naledi Du Plessis,Chiropractor,Durban,8,940,https://calendly.com/peakmvement/software-review-meeting
Bongani Jacobs,BioKineticist,Pretoria,10,700,https://calendly.com/peakmvement/software-review-meeting
Lebogang Joubert,General Physician,Port Elizabeth,3,790,https://calendly.com/peakmvement/software-review-meeting
Thembi Nkosi,General Physician,Johannesburg,6,1030,https://calendly.com/peakmvement/software-review-meeting
Tshepo Mahlangu,BioKineticist,Durban,12,760,https://calendly.com/peakmvement/software-review-meeting
Thabo Khumalo,BioKineticist,Pretoria,2,460,https://calendly.com/peakmvement/software-review-meeting
Thembi Coetzee,BioKineticist,Pretoria,12,760,https://calendly.com/peakmvement/software-review-meeting
Mbali Nkosi,Chiropractor,Pretoria,11,1030,https://calendly.com/peakmvement/software-review-meeting
Thuli Joubert,Podiatrist,Port Elizabeth,16,1180,https://calendly.com/peakmvement/software-review-meeting
Tumelo Steyn,General Physician,Pretoria,18,1240,https://calendly.com/peakmvement/software-review-meeting
Naledi Botha,BioKineticist,Durban,1,430,https://calendly.com/peakmvement/software-review-meeting
Bongani Visser,BioKineticist,Port Elizabeth,13,790,https://calendly.com/peakmvement/software-review-meeting
Ntombi Botha,Dietician,Port Elizabeth,3,490,https://calendly.com/peakmvement/software-review-meeting
Gugu Dlamini,Chiropractor,Port Elizabeth,2,760,https://calendly.com/peakmvement/software-review-meeting
Zanele Jacobs,BioKineticist,Cape Town,2,610,https://calendly.com/peakmvement/software-review-meeting
Kagiso Ngcobo,Massage Therapist,Johannesburg,15,1000,https://calendly.com/peakmvement/software-review-meeting
Siyabonga Steyn,Physiotherapist,Port Elizabeth,16,880,https://calendly.com/peakmvement/software-review-meeting
Ayanda Naidoo,Physiotherapist,Cape Town,13,940,https://calendly.com/peakmvement/software-review-meeting
Mbali Swanepoel,BioKineticist,Pretoria,10,700,https://calendly.com/peakmvement/software-review-meeting
Tshepo Ngcobo,Chiropractor,Johannesburg,12,1210,https://calendly.com/peakmvement/software-review-meeting
Tshepo Kruger,Massage Therapist,Cape Town,3,640,https://calendly.com/peakmvement/software-review-meeting
Sipho Visser,Chiropractor,Port Elizabeth,17,1210,https://calendly.com/peakmvement/software-review-meeting
Zanele Nkosi,BioKineticist,Cape Town,9,820,https://calendly.com/peakmvement/software-review-meeting
Zanele Kruger,Podiatrist,Cape Town,2,910,https://calendly.com/peakmvement/software-review-meeting
Naledi Mokoena,Physiotherapist,Durban,7,610,https://calendly.com/peakmvement/software-review-meeting
Ayanda Visser,Sports Therapist,Pretoria,4,520,https://calendly.com/peakmvement/software-review-meeting
Ntombi De Beer,Massage Therapist,Pretoria,18,940,https://calendly.com/peakmvement/software-review-meeting
Lerato Van der Merwe,Physiotherapist,Durban,3,490,https://calendly.com/peakmvement/software-review-meeting
Lebogang De Beer,Podiatrist,Port Elizabeth,8,940,https://calendly.com/peakmvement/software-review-meeting
Lebogang Steyn,BioKineticist,Pretoria,17,910,https://calendly.com/peakmvement/software-review-meeting
Sibusiso Visser,Physiotherapist,Johannesburg,11,880,https://calendly.com/peakmvement/software-review-meeting
Sibusiso Jacobs,Sports Therapist,Cape Town,13,940,https://calendly.com/peakmvement/software-review-meeting
Nandi Mokoena,Sports Therapist,Pretoria,4,520,https://calendly.com/peakmvement/software-review-meeting
Mbali Mahlangu,Physiotherapist,Cape Town,15,1000,https://calendly.com/peakmvement/software-review-meeting
Andile Dlamini,Chiropractor,Port Elizabeth,4,820,https://calendly.com/peakmvement/software-review-meeting
Sibusiso De Beer,BioKineticist,Johannesburg,18,1090,https://calendly.com/peakmvement/software-review-meeting
Nomsa Ngcobo,Chiropractor,Johannesburg,8,1090,https://calendly.com/peakmvement/software-review-meeting
Sipho Du Plessis,Podiatrist,Durban,1,730,https://calendly.com/peakmvement/software-review-meeting
Naledi Swanepoel,Chiropractor,Johannesburg,13,1240,https://calendly.com/peakmvement/software-review-meeting
Ayanda Pretorius,Chiropractor,Cape Town,16,1330,https://calendly.com/peakmvement/software-review-meeting
Tshepo Botha,Sports Therapist,Johannesburg,11,880,https://calendly.com/peakmvement/software-review-meeting
Nosipho Ngcobo,Sports Therapist,Johannesburg,17,1060,https://calendly.com/peakmvement/software-review-meeting
Siyabonga Dlamini,Podiatrist,Durban,13,1090,https://calendly.com/peakmvement/software-review-meeting
Gugu Steyn,Chiropractor,Durban,15,1150,https://calendly.com/peakmvement/software-review-meeting
Thabo Coetzee,Physiotherapist,Port Elizabeth,9,670,https://calendly.com/peakmvement/software-review-meeting
Tshepo Visser,Sports Therapist,Durban,19,970,https://calendly.com/peakmvement/software-review-meeting
Ayanda Kruger,Massage Therapist,Port Elizabeth,16,880,https://calendly.com/peakmvement/software-review-meeting
Nomsa Pretorius,Physiotherapist,Cape Town,2,610,https://calendly.com/peakmvement/software-review-meeting
Jabulani Dlamini,BioKineticist,Port Elizabeth,12,760,https://calendly.com/peakmvement/software-review-meeting
Nomsa Mokoena,Physiotherapist,Durban,14,820,https://calendly.com/peakmvement/software-review-meeting
Ayanda Van der Merwe,BioKineticist,Port Elizabeth,16,880,https://calendly.com/peakmvement/software-review-meeting
Lerato Mahlangu,BioKineticist,Cape Town,7,760,https://calendly.com/peakmvement/software-review-meeting
Lebogang Coetzee,Sports Therapist,Port Elizabeth,10,700,https://calendly.com/peakmvement/software-review-meeting
Kagiso Du Plessis,Dietician,Durban,20,1000,https://calendly.com/peakmvement/software-review-meeting
Thuli Jacobs,Physiotherapist,Cape Town,9,820,https://calendly.com/peakmvement/software-review-meeting
Ntombi Pretorius,Sports Therapist,Durban,5,550,https://calendly.com/peakmvement/software-review-meeting
Ntombi Pillay,Sports Therapist,Johannesburg,12,910,https://calendly.com/peakmvement/software-review-meeting
Sipho Jacobs,BioKineticist,Cape Town,12,910,https://calendly.com/peakmvement/software-review-meeting
Thembi Swanepoel,BioKineticist,Port Elizabeth,16,880,https://calendly.com/peakmvement/software-review-meeting
Thuli Ngcobo,Dietician,Durban,17,910,https://calendly.com/peakmvement/software-review-meeting
Ayanda Mokoena,Sports Therapist,Pretoria,9,670,https://calendly.com/peakmvement/software-review-meeting
Mpho Naidoo,Physiotherapist,Durban,5,550,https://calendly.com/peakmvement/software-review-meeting
Bongani Steyn,Chiropractor,Johannesburg,8,1090,https://calendly.com/peakmvement/software-review-meeting
Ayanda Mahlangu,General Physician,Port Elizabeth,18,1240,https://calendly.com/peakmvement/software-review-meeting
Thembi Pillay,BioKineticist,Port Elizabeth,4,520,https://calendly.com/peakmvement/software-review-meeting
Tumelo Mahlangu,Sports Therapist,Johannesburg,1,580,https://calendly.com/peakmvement/software-review-meeting
Nosipho Naidoo,Physiotherapist,Port Elizabeth,12,760,https://calendly.com/peakmvement/software-review-meeting
Jabulani Joubert,Physiotherapist,Port Elizabeth,2,460,https://calendly.com/peakmvement/software-review-meeting
Lerato Nkosi,Dietician,Durban,4,520,https://calendly.com/peakmvement/software-review-meeting
Thembi Joubert,Chiropractor,Durban,18,1240,https://calendly.com/peakmvement/software-review-meeting
Gugu Naidoo,Chiropractor,Port Elizabeth,19,1270,https://calendly.com/peakmvement/software-review-meeting
Lerato Joubert,Chiropractor,Johannesburg,13,1240,https://calendly.com/peakmvement/software-review-meeting
Lerato Du Plessis,General Physician,Johannesburg,17,1360,https://calendly.com/peakmvement/software-review-meeting
Thembi Jacobs,Physiotherapist,Pretoria,8,640,https://calendly.com/peakmvement/software-review-meeting
Lindiwe Van der Merwe,BioKineticist,Port Elizabeth,16,880,https://calendly.com/peakmvement/software-review-meeting
Nosipho Jacobs,Dietician,Durban,4,520,https://calendly.com/peakmvement/software-review-meeting
Mbali Joubert,Dietician,Pretoria,8,640,https://calendly.com/peakmvement/software-review-meeting
Andile Naidoo,Massage Therapist,Johannesburg,11,880,https://calendly.com/peakmvement/software-review-meeting
Naledi Van der Merwe,Chiropractor,Pretoria,3,790,https://calendly.com/peakmvement/software-review-meeting
Sibusiso Ngcobo,BioKineticist,Pretoria,15,850,https://calendly.com/peakmvement/software-review-meeting
Mpho Kruger,Chiropractor,Cape Town,13,1240,https://calendly.com/peakmvement/software-review-meeting
Tshepo Pretorius,Dietician,Durban,17,910,https://calendly.com/peakmvement/software-review-meeting
Gugu Kruger,Sports Therapist,Pretoria,15,850,https://calendly.com/peakmvement/software-review-meeting
Ntombi Ngcobo,BioKineticist,Durban,17,910,https://calendly.com/peakmvement/software-review-meeting
Mpho Mokoena,General Physician,Johannesburg,17,1360,https://calendly.com/peakmvement/software-review-meeting
Gugu Du Plessis,Physiotherapist,Pretoria,20,1000,https://calendly.com/peakmvement/software-review-meeting
Nomsa Swanepoel,Massage Therapist,Cape Town,4,670,https://calendly.com/peakmvement/software-review-meeting
Naledi Joubert,Chiropractor,Johannesburg,2,910,https://calendly.com/peakmvement/software-review-meeting
Thabo Steyn,Chiropractor,Durban,10,1000,https://calendly.com/peakmvement/software-review-meeting
Xolani Ngcobo,Dietician,Cape Town,2,610,https://calendly.com/peakmvement/software-review-meeting
Lindiwe Du Plessis,Dietician,Cape Town,10,850,https://calendly.com/peakmvement/software-review-meeting
Tumelo Khumalo,Massage Therapist,Durban,13,790,https://calendly.com/peakmvement/software-review-meeting
Kagiso Mahlangu,Chiropractor,Durban,7,910,https://calendly.com/peakmvement/software-review-meeting
Tumelo Pillay,Dietician,Durban,8,640,https://calendly.com/peakmvement/software-review-meeting
Zanele Swanepoel,General Physician,Durban,2,760,https://calendly.com/peakmvement/software-review-meeting
Bongani Mahlangu,Massage Therapist,Port Elizabeth,19,970,https://calendly.com/peakmvement/software-review-meeting
Mbali Botha,Chiropractor,Cape Town,10,1150,https://calendly.com/peakmvement/software-review-meeting
Sibusiso Dlamini,Dietician,Durban,18,940,https://calendly.com/peakmvement/software-review-meeting
Gugu Jacobs,Podiatrist,Cape Town,1,880,https://calendly.com/peakmvement/software-review-meeting
Nandi Pretorius,Sports Therapist,Durban,20,1000,https://calendly.com/peakmvement/software-review-meeting
Andile Visser,General Physician,Durban,20,1300,https://calendly.com/peakmvement/software-review-meeting
Nandi Swanepoel,Dietician,Cape Town,12,910,https://calendly.com/peakmvement/software-review-meeting
Sipho De Beer,General Physician,Durban,11,1030,https://calendly.com/peakmvement/software-review-meeting
Nosipho Coetzee,Massage Therapist,Pretoria,17,910,https://calendly.com/peakmvement/software-review-meeting
Sipho Naidoo,Physiotherapist,Port Elizabeth,18,940,https://calendly.com/peakmvement/software-review-meeting
Naledi Steyn,General Physician,Durban,3,790,https://calendly.com/peakmvement/software-review-meeting
Nomsa De Beer,Chiropractor,Durban,15,1150,https://calendly.com/peakmvement/software-review-meeting
Lerato Kruger,General Physician,Johannesburg,19,1420,https://calendly.com/peakmvement/software-review-meeting
Mpho Swanepoel,Chiropractor,Johannesburg,11,1180,https://calendly.com/peakmvement/software-review-meeting
Mbali Pillay,Chiropractor,Durban,20,1300,https://calendly.com/peakmvement/software-review-meeting
Zanele Joubert,Massage Therapist,Pretoria,19,970,https://calendly.com/peakmvement/software-review-meeting
Xolani Nkosi,Physiotherapist,Pretoria,11,730,https://calendly.com/peakmvement/software-review-meeting
Andile Kruger,Physiotherapist,Johannesburg,9,820,https://calendly.com/peakmvement/software-review-meeting
Tumelo Pretorius,Chiropractor,Durban,5,850,https://calendly.com/peakmvement/software-review-meeting
Ntombi Nkosi,Massage Therapist,Durban,14,820,https://calendly.com/peakmvement/software-review-meeting
Lerato Dlamini,General Physician,Pretoria,3,790,https://calendly.com/peakmvement/software-review-meeting
Nomsa Du Plessis,Dietician,Durban,3,490,https://calendly.com/peakmvement/software-review-meeting
Siyabonga Du Plessis,General Physician,Johannesburg,13,1240,https://calendly.com/peakmvement/software-review-meeting
Sipho Mahlangu,Podiatrist,Port Elizabeth,2,760,https://calendly.com/peakmvement/software-review-meeting
Lerato Khumalo,Podiatrist,Cape Town,14,1270,https://calendly.com/peakmvement/software-review-meeting
Mbali Visser,Dietician,Durban,15,850,https://calendly.com/peakmvement/software-review-meeting
Lerato Steyn,General Physician,Pretoria,19,1270,https://calendly.com/peakmvement/software-review-meeting
Tumelo Mokoena,Physiotherapist,Durban,8,640,https://calendly.com/peakmvement/software-review-meeting
Thuli Visser,Massage Therapist,Durban,16,880,https://calendly.com/peakmvement/software-review-meeting
Lindiwe Botha,Chiropractor,Johannesburg,9,1120,https://calendly.com/peakmvement/software-review-meeting
Nandi Van der Merwe,Sports Therapist,Port Elizabeth,9,670,https://calendly.com/peakmvement/software-review-meeting
Bongani Coetzee,BioKineticist,Cape Town,5,700,https://calendly.com/peakmvement/software-review-meeting
Tshepo Mokoena,Chiropractor,Cape Town,14,1270,https://calendly.com/peakmvement/software-review-meeting
Thuli Swanepoel,BioKineticist,Pretoria,4,520,https://calendly.com/peakmvement/software-review-meeting
Bongani Dlamini,Dietician,Pretoria,6,580,https://calendly.com/peakmvement/software-review-meeting
Andile De Beer,Podiatrist,Durban,4,820,https://calendly.com/peakmvement/software-review-meeting
Kagiso Coetzee,Chiropractor,Port Elizabeth,11,1030,https://calendly.com/peakmvement/software-review-meeting
Nosipho Du Plessis,Physiotherapist,Port Elizabeth,13,790,https://calendly.com/peakmvement/software-review-meeting
Nomsa Coetzee,Podiatrist,Cape Town,11,1180,https://calendly.com/peakmvement/software-review-meeting
Gugu Visser,Dietician,Pretoria,3,490,https://calendly.com/peakmvement/software-review-meeting
Thuli Mokoena,BioKineticist,Pretoria,3,490,https://calendly.com/peakmvement/software-review-meeting
Nosipho Pretorius,Sports Therapist,Durban,11,730,https://calendly.com/peakmvement/software-review-meeting
Lindiwe Swanepoel,Massage Therapist,Johannesburg,5,700,https://calendly.com/peakmvement/software-review-meeting
Sipho Nkosi,Sports Therapist,Durban,19,970,https://calendly.com/peakmvement/software-review-meeting
Sibusiso Nkosi,BioKineticist,Port Elizabeth,19,970,https://calendly.com/peakmvement/software-review-meeting
Bongani Du Plessis,Chiropractor,Pretoria,4,820,https://calendly.com/peakmvement/software-review-meeting
Nosipho Mokoena,General Physician,Johannesburg,5,1000,https://calendly.com/peakmvement/software-review-meeting
Tshepo Van der Merwe,Dietician,Durban,3,490,https://calendly.com/peakmvement/software-review-meeting
Tshepo Coetzee,Podiatrist,Cape Town,18,1390,https://calendly.com/peakmvement/software-review-meeting
Tshepo Khumalo,Dietician,Durban,20,1000,https://calendly.com/peakmvement/software-review-meeting
Zanele Naidoo,Dietician,Johannesburg,17,1060,https://calendly.com/peakmvement/software-review-meeting
Kagiso Botha,Sports Therapist,Cape Town,14,970,https://calendly.com/peakmvement/software-review-meeting
Bongani Swanepoel,Massage Therapist,Durban,1,430,https://calendly.com/peakmvement/software-review-meeting
Andile Nkosi,Massage Therapist,Cape Town,13,940,https://calendly.com/peakmvement/software-review-meeting
Ayanda Coetzee,Sports Therapist,Johannesburg,6,730,https://calendly.com/peakmvement/software-review-meeting
Jabulani Pretorius,Sports Therapist,Cape Town,2,610,https://calendly.com/peakmvement/software-review-meeting
Andile Swanepoel,General Physician,Durban,3,790,https://calendly.com/peakmvement/software-review-meeting
Lindiwe Pretorius,Dietician,Johannesburg,13,940,https://calendly.com/peakmvement/software-review-meeting
Naledi De Beer,Chiropractor,Cape Town,9,1120,https://calendly.com/peakmvement/software-review-meeting
Xolani Khumalo,Chiropractor,Pretoria,17,1210,https://calendly.com/peakmvement/software-review-meeting
Thabo Pretorius,Massage Therapist,Cape Town,5,700,https://calendly.com/peakmvement/software-review-meeting
Bongani Van der Merwe,BioKineticist,Pretoria,16,880,https://calendly.com/peakmvement/software-review-meeting
Bongani Naidoo,Physiotherapist,Cape Town,15,1000,https://calendly.com/peakmvement/software-review-meeting
Jabulani Naidoo,Physiotherapist,Durban,10,700,https://calendly.com/peakmvement/software-review-meeting
Gugu Botha,Physiotherapist,Pretoria,7,610,https://calendly.com/peakmvement/software-review-meeting
Nomsa Jacobs,Chiropractor,Durban,12,1060,https://calendly.com/peakmvement/software-review-meeting
Nandi Naidoo,Podiatrist,Pretoria,3,790,https://calendly.com/peakmvement/software-review-meeting
Mbali Coetzee,Massage Therapist,Pretoria,4,520,https://calendly.com/peakmvement/software-review-meeting
Jabulani Khumalo,BioKineticist,Cape Town,4,670,https://calendly.com/peakmvement/software-review-meeting
Lebogang Pillay,Dietician,Pretoria,13,790,https://calendly.com/peakmvement/software-review-meeting
Lebogang Dlamini,Chiropractor,Durban,7,910,https://calendly.com/peakmvement/software-review-meeting
Gugu Pillay,BioKineticist,Cape Town,15,1000,https://calendly.com/peakmvement/software-review-meeting
Thuli Du Plessis,Massage Therapist,Port Elizabeth,7,610,https://calendly.com/peakmvement/software-review-meeting
Ntombi Mahlangu,Physiotherapist,Pretoria,5,550,https://calendly.com/peakmvement/software-review-meeting
Siyabonga Naidoo,Chiropractor,Port Elizabeth,6,880,https://calendly.com/peakmvement/software-review-meeting
Sibusiso Coetzee,Massage Therapist,Cape Town,8,790,https://calendly.com/peakmvement/software-review-meeting
Jabulani Visser,Podiatrist,Port Elizabeth,19,1270,https://calendly.com/peakmvement/software-review-meeting
Nandi Khumalo,General Physician,Durban,5,850,https://calendly.com/peakmvement/software-review-meeting
Nomsa Kruger,General Physician,Johannesburg,7,1060,https://calendly.com/peakmvement/software-review-meeting
Sipho Ngcobo,Sports Therapist,Pretoria,16,880,https://calendly.com/peakmvement/software-review-meeting
Zanele Dlamini,Physiotherapist,Port Elizabeth,4,520,https://calendly.com/peakmvement/software-review-meeting
Lindiwe Dlamini,Podiatrist,Pretoria,13,1090,https://calendly.com/peakmvement/software-review-meeting
Mpho Visser,Dietician,Port Elizabeth,14,820,https://calendly.com/peakmvement/software-review-meeting
Sipho Khumalo,Dietician,Port Elizabeth,4,520,https://calendly.com/peakmvement/software-review-meeting
Ayanda Botha,Podiatrist,Johannesburg,20,1450,https://calendly.com/peakmvement/software-review-meeting
Xolani Du Plessis,BioKineticist,Pretoria,6,580,https://calendly.com/peakmvement/software-review-meeting
Lebogang Ngcobo,Chiropractor,Port Elizabeth,2,760,https://calendly.com/peakmvement/software-review-meeting
Lerato Pretorius,Chiropractor,Port Elizabeth,20,1300,https://calendly.com/peakmvement/software-review-meeting
Siyabonga Mahlangu,Sports Therapist,Pretoria,12,760,https://calendly.com/peakmvement/software-review-meeting
Dr. Sarah Mitchell,Dermatologist,Johannesburg,15,1500,https://calendly.com/peakmvement/software-review-meeting
Dr. Michael Johnson,Dermatologist,Cape Town,12,1400,https://calendly.com/peakmvement/software-review-meeting
Dr. Priya Patel,Dermatologist,Durban,8,1200,https://calendly.com/peakmvement/software-review-meeting
Dr. David Chen,Dermatologist,Pretoria,10,1300,https://calendly.com/peakmvement/software-review-meeting
Dr. Lisa Roberts,Dermatologist,Port Elizabeth,6,1100,https://calendly.com/peakmvement/software-review-meeting
Dr. James Wilson,Cardiologist,Johannesburg,20,2000,https://calendly.com/peakmvement/software-review-meeting
Dr. Maria Rodriguez,Cardiologist,Cape Town,18,1900,https://calendly.com/peakmvement/software-review-meeting
Dr. Ahmed Hassan,Cardiologist,Durban,15,1700,https://calendly.com/peakmvement/software-review-meeting
Dr. Emily Thompson,Cardiologist,Pretoria,12,1600,https://calendly.com/peakmvement/software-review-meeting
Dr. Robert Lee,Cardiologist,Port Elizabeth,10,1500,https://calendly.com/peakmvement/software-review-meeting
Dr. Jennifer Adams,Psychologist,Johannesburg,14,1100,https://calendly.com/peakmvement/software-review-meeting
Dr. Mark Brown,Psychologist,Cape Town,12,1000,https://calendly.com/peakmvement/software-review-meeting
Dr. Susan Garcia,Psychologist,Durban,10,900,https://calendly.com/peakmvement/software-review-meeting
Dr. Daniel Martinez,Psychologist,Pretoria,8,800,https://calendly.com/peakmvement/software-review-meeting
Dr. Rachel Davis,Psychologist,Port Elizabeth,6,700,https://calendly.com/peakmvement/software-review-meeting
Dr. Kimberly Clark,Gynecologist,Johannesburg,16,1600,https://calendly.com/peakmvement/software-review-meeting
Dr. Thomas Anderson,Gynecologist,Cape Town,14,1500,https://calendly.com/peakmvement/software-review-meeting
Dr. Amanda White,Gynecologist,Durban,12,1400,https://calendly.com/peakmvement/software-review-meeting
Dr. Christopher Taylor,Gynecologist,Pretoria,10,1300,https://calendly.com/peakmvement/software-review-meeting
Dr. Michelle Lewis,Gynecologist,Port Elizabeth,8,1200,https://calendly.com/peakmvement/software-review-meeting
Dr. Kevin Moore,Urologist,Johannesburg,18,1800,https://calendly.com/peakmvement/software-review-meeting
Dr. Laura Jackson,Urologist,Cape Town,15,1700,https://calendly.com/peakmvement/software-review-meeting
Dr. Brian Wilson,Urologist,Durban,12,1500,https://calendly.com/peakmvement/software-review-meeting
Dr. Nicole Young,Urologist,Pretoria,10,1400,https://calendly.com/peakmvement/software-review-meeting
Dr. Steven Hall,Urologist,Port Elizabeth,8,1300,https://calendly.com/peakmvement/software-review-meeting
Dr. Catherine King,Ophthalmologist,Johannesburg,20,1600,https://calendly.com/peakmvement/software-review-meeting
Dr. Joseph Wright,Ophthalmologist,Cape Town,16,1500,https://calendly.com/peakmvement/software-review-meeting
Dr. Linda Scott,Ophthalmologist,Durban,14,1400,https://calendly.com/peakmvement/software-review-meeting
Dr. William Green,Ophthalmologist,Pretoria,12,1300,https://calendly.com/peakmvement/software-review-meeting
Dr. Helen Baker,Ophthalmologist,Port Elizabeth,10,1200,https://calendly.com/peakmvement/software-review-meeting
Dr. Richard Turner,Orthopedic Surgeon,Johannesburg,22,2200,https://calendly.com/peakmvement/software-review-meeting
Dr. Barbara Phillips,Orthopedic Surgeon,Cape Town,18,2000,https://calendly.com/peakmvement/software-review-meeting
Dr. Anthony Campbell,Orthopedic Surgeon,Durban,16,1900,https://calendly.com/peakmvement/software-review-meeting
Dr. Janet Parker,Orthopedic Surgeon,Pretoria,14,1800,https://calendly.com/peakmvement/software-review-meeting
Dr. Donald Evans,Orthopedic Surgeon,Port Elizabeth,12,1700,https://calendly.com/peakmvement/software-review-meeting
Dr. Dorothy Edwards,Neurologist,Johannesburg,19,1900,https://calendly.com/peakmvement/software-review-meeting
Dr. Jason Collins,Neurologist,Cape Town,16,1800,https://calendly.com/peakmvement/software-review-meeting
Dr. Sharon Stewart,Neurologist,Durban,14,1700,https://calendly.com/peakmvement/software-review-meeting
Dr. Gary Sanchez,Neurologist,Pretoria,12,1600,https://calendly.com/peakmvement/software-review-meeting
Dr. Deborah Morris,Neurologist,Port Elizabeth,10,1500,https://calendly.com/peakmvement/software-review-meeting
Dr. Frank Rogers,Gastroenterologist,Johannesburg,17,1700,https://calendly.com/peakmvement/software-review-meeting
Dr. Carol Reed,Gastroenterologist,Cape Town,15,1600,https://calendly.com/peakmvement/software-review-meeting
Dr. Henry Cook,Gastroenterologist,Durban,13,1500,https://calendly.com/peakmvement/software-review-meeting
Dr. Donna Morgan,Gastroenterologist,Pretoria,11,1400,https://calendly.com/peakmvement/software-review-meeting
Dr. Ruth Bell,Gastroenterologist,Port Elizabeth,9,1300,https://calendly.com/peakmvement/software-review-meeting
Dr. Harold Murphy,Endocrinologist,Johannesburg,16,1600,https://calendly.com/peakmvement/software-review-meeting
Dr. Shirley Bailey,Endocrinologist,Cape Town,14,1500,https://calendly.com/peakmvement/software-review-meeting
Dr. Walter Rivera,Endocrinologist,Durban,12,1400,https://calendly.com/peakmvement/software-review-meeting
Dr. Betty Cooper,Endocrinologist,Pretoria,10,1300,https://calendly.com/peakmvement/software-review-meeting
Dr. Gerald Richardson,Endocrinologist,Port Elizabeth,8,1200,https://calendly.com/peakmvement/software-review-meeting